{"train/loss": 3.8324, "train/learning_rate": 0.0, "train/rewards/chosen": -0.08126547932624817, "train/rewards/rejected": -0.08695012331008911, "train/rewards/accuracies": 0.46875, "train/rewards/margins": 0.005684650503098965, "train/logps/rejected": -0.8695012331008911, "train/logps/chosen": -0.8126547336578369, "train/logits/rejected": 0.7935985326766968, "train/logits/chosen": 2.2002477645874023, "train/nll_loss": 3.7637429237365723, "train/log_odds_ratio": -0.6867652535438538, "train/log_odds_chosen": 0.16571950912475586, "train/epoch": 0.9978008168394596, "train/global_step": 397, "_timestamp": 1718109235.5507174, "_runtime": 30510.261320352554, "_step": 400, "eval/loss": 4.019922256469727, "eval/runtime": 98.7441, "eval/samples_per_second": 1.306, "eval/steps_per_second": 0.334, "eval/rewards/chosen": -0.09453058242797852, "eval/rewards/rejected": -0.08345307409763336, "eval/rewards/accuracies": 0.34090909361839294, "eval/rewards/margins": -0.01107750739902258, "eval/logps/rejected": -0.834530770778656, "eval/logps/chosen": -0.9453058242797852, "eval/logits/rejected": -1.3743592500686646, "eval/logits/chosen": -0.5965940952301025, "eval/nll_loss": 3.927835702896118, "eval/log_odds_ratio": -0.830464243888855, "eval/log_odds_chosen": -0.11883001029491425, "train_runtime": 30278.9421, "train_samples_per_second": 0.42, "train_steps_per_second": 0.013, "total_flos": 0.0, "train_loss": 4.290298009699478, "_wandb": {"runtime": 30635}}