{"train/loss": 3.7653, "train/learning_rate": 0.0, "train/rewards/chosen": -0.18020077049732208, "train/rewards/rejected": -0.1301344633102417, "train/rewards/accuracies": 0.15625, "train/rewards/margins": -0.05006631463766098, "train/logps/rejected": -1.301344633102417, "train/logps/chosen": -1.8020076751708984, "train/logits/rejected": -1.0693854093551636, "train/logits/chosen": -0.2618931531906128, "train/nll_loss": 3.6538827419281006, "train/log_odds_ratio": -1.1138453483581543, "train/log_odds_chosen": -0.5865601301193237, "train/epoch": 0.9978008168394596, "train/global_step": 397, "_timestamp": 1718076626.9258113, "_runtime": 6461.94758939743, "_step": 400, "eval/loss": 11.219764709472656, "eval/runtime": 22.0294, "eval/samples_per_second": 5.856, "eval/steps_per_second": 1.498, "eval/rewards/chosen": -0.1926189810037613, "eval/rewards/rejected": -0.1330271065235138, "eval/rewards/accuracies": 0.21212121844291687, "eval/rewards/margins": -0.0595918744802475, "eval/logps/rejected": -1.3302710056304932, "eval/logps/chosen": -1.92618989944458, "eval/logits/rejected": -2.890763282775879, "eval/logits/chosen": -2.594935178756714, "eval/nll_loss": 11.035316467285156, "eval/log_odds_ratio": -1.2196310758590698, "eval/log_odds_chosen": -0.6951856017112732, "train_runtime": 6362.068, "train_samples_per_second": 2.001, "train_steps_per_second": 0.062, "total_flos": 0.0, "train_loss": 4.0811782183515035, "_wandb": {"runtime": 6666}}