{"train/loss": 0.3283, "train/learning_rate": 4.994360897255187e-06, "train/rewards/chosen": -0.184623122215271, "train/rewards/rejected": -1.2512065172195435, "train/rewards/accuracies": 0.9375, "train/rewards/margins": 1.0665833950042725, "train/logps/rejected": -223.7728271484375, "train/logps/chosen": -210.1117706298828, "train/logits/rejected": -2.955324411392212, "train/logits/chosen": -2.7429213523864746, "train/epoch": 0.021366849960722703, "train/global_step": 17, "_timestamp": 1718032878.7836034, "_runtime": 463.0204133987427, "_step": 16, "_wandb": {"runtime": 475}}